ticker,actif,secteur,rendement_moyen,volatilite_annualisee,score_environment,score_social,score_governance,score_total
AAPL,Apple Inc.,Technology,0.30627925328516176,0.27944227221783324,2.05,8.35,8.35,18.75
MSFT,Microsoft Corporation,Technology,0.22836598470211633,0.2506573794787564,3.56,8.98,4.8,17.34
GOOGL,Alphabet Inc. (Class A),Technology,0.18450450914031558,0.2561494521340826,2.94,11.74,10.21,24.89
AMZN,Amazon.com Inc.,Consumer Discretionary,0.33298264008767775,0.31334252382644995,8.3,11.05,6.75,26.1
TSLA,Tesla Inc.,Consumer Discretionary,0.6161934945034302,0.5560946310278736,3.04,14.13,7.6,24.76
META,Meta Platforms Inc.,Communication Services,0.2897715945393632,0.3695347332124477,2.41,21.64,8.68,32.73
NVDA,NVIDIA Corporation,Technology,0.39173757231566825,0.4188723838769507,2.73,4.08,5.65,12.46
BRK-B,Berkshire Hathaway Inc. (Class B),Financials,0.13041500457979646,0.20041578876789543,1.66,5.52,19.02,26.19
JPM,JPMorgan Chase & Co.,Financials,0.16064316781711743,0.28605897174939215,2.44,14.03,10.83,27.3
V,Visa Inc.,Financials,0.24288413765168143,0.25441957835794404,2.01,7.59,5.28,14.88
JNJ,Johnson & Johnson,Healthcare,0.1213626278718341,0.16764142162065548,0.94,13.03,5.95,19.93
WMT,Walmart Inc.,Consumer Staples,0.1277874895143665,0.18751694674295985,7.24,11.72,6.38,25.33
PG,Procter & Gamble Co.,Consumer Staples,0.11658718819052032,0.1696154410556119,9.72,10.52,5.61,25.84
UNH,UnitedHealth Group Incorporated,Healthcare,0.2605596937390325,0.25815532269451313,0.12,11.89,4.62,16.62
MA,Mastercard Incorporated,Financials,0.2770061187484801,0.2790407694792639,1.61,8.38,4.26,14.25
DIS,The Walt Disney Company,Communication Services,0.19610589444285395,0.2460816243951284,0.1,9.97,5.79,15.86
HD,The Home Depot Inc.,Consumer Discretionary,0.2465846429520902,0.2270596404020829,3.43,6.53,2.65,12.61
BAC,Bank of America Corporation,Financials,0.13138858648166685,0.35217198012555556,1.88,13.65,8.83,24.36
PFE,Pfizer Inc.,Healthcare,0.12022259615656358,0.20237614507795923,2.74,9.18,6.37,18.29
KO,The Coca-Cola Company,Consumer Staples,0.102768048748323,0.17321359190897143,9.24,10.29,4.35,23.89
PEP,PepsiCo Inc.,Consumer Staples,0.12152567749715323,0.17233071848291073,8.97,7.64,3.64,20.25
CSCO,Cisco Systems Inc.,Technology,0.11323425448108727,0.26731919359337697,0.4,7.64,5.05,13.09
ADBE,Adobe Inc.,Technology,0.27554569672577356,0.300225662129905,2.83,6.75,4.79,14.36
NFLX,Netflix Inc.,Communication Services,0.504022652516833,0.5090129391181553,0.16,7.38,8.35,15.88
TMO,Thermo Fisher Scientific Inc.,Healthcare,0.23442645513434768,0.24016148692539177,1.35,4.92,5.58,11.86
ABT,Abbott Laboratories,Healthcare,0.17162176749660146,0.21091452271506314,2.25,13.0,5.1,20.35
CRM,Salesforce Inc.,Technology,0.28329200696824264,0.3583555538947923,3.69,10.33,4.09,18.11
NKE,Nike Inc.,Consumer Discretionary,0.2362102891472419,0.25511756345326364,3.04,9.98,5.42,18.44
INTC,Intel Corporation,Technology,0.1443112327800663,0.28033172835413384,7.68,6.86,4.62,19.17
AVGO,Broadcom Inc.,Technology,0.36311242032823743,0.35403683167743594,8.12,6.86,4.21,19.2
COST,Costco Wholesale Corporation,Consumer Staples,0.20691794564771854,0.18966572850047464,8.65,15.5,4.98,29.12
LLY,Eli Lilly and Company,Healthcare,0.19499384332843805,0.22672807351679716,2.58,13.08,7.96,23.62
MDT,Medtronic plc,Healthcare,0.13253536938576976,0.22351780951423167,2.01,10.29,6.36,18.66
ORCL,Oracle Corporation,Technology,0.1285623772299405,0.25028843612757234,1.58,6.75,6.33,14.66
MCD,McDonald's Corporation,Consumer Discretionary,0.15434671016716997,0.1892951304336633,9.86,13.02,5.64,28.51
TXN,Texas Instruments Incorporated,Technology,0.22204702580150731,0.26433930525333127,10.72,4.55,4.92,20.2
AMAT,Applied Materials Inc.,Technology,0.23573473343950252,0.3347443885439473,3.8,3.09,4.67,11.56
INTU,Intuit Inc.,Technology,0.26512139762486975,0.26450362966801666,1.07,8.66,3.37,13.1
ISRG,Intuitive Surgical Inc.,Healthcare,0.23183609227470126,0.3106265230745781,2.59,9.81,5.54,17.94
NOW,ServiceNow Inc.,Technology,0.43698996005003415,0.40190489561862586,4.24,8.46,3.63,16.33
SBUX,Starbucks Corporation,Consumer Discretionary,0.24674629365908263,0.26033966143791987,7.45,11.71,3.18,22.34
PYPL,PayPal Holdings Inc.,Technology,0.3844203828996724,0.3382092275071232,3.98,10.95,3.95,18.88
TMUS,T-Mobile US Inc.,Communication Services,0.27739632535312303,0.37793767250866006,3.87,13.08,6.02,22.97
LMT,Lockheed Martin Corporation,Industrials,0.18891718915301176,0.20678047024416407,7.9,14.07,6.16,28.14
UPS,United Parcel Service Inc.,Industrials,0.1460088085668306,0.2167702760008969,6.34,9.65,4.8,20.79
DE,Deere & Company,Industrials,0.19696412467892876,0.27331845652413467,2.45,9.05,4.7,16.2
GE,General Electric Company,Industrials,0.0462501713109546,0.3120916587146513,13.44,12.73,6.32,32.49
SPGI,S&P Global Inc.,Financials,0.25417501060019365,0.25736199234329826,2.01,6.62,6.43,15.05
MS,Morgan Stanley,Financials,0.14902218750365828,0.3545861289317344,1.28,11.83,11.71,24.82
BLK,BlackRock Inc.,Financials,0.1608455468892371,0.2770584756734204,1.27,8.64,8.41,18.31
AXP,American Express Company,Financials,0.15059183245490654,0.2867780499317386,0.13,9.7,8.45,18.28
EQIX,Equinix Inc.,Real Estate,0.22667079077483582,0.2930870399719662,3.56,4.76,4.82,13.14
VRTX,Vertex Pharmaceuticals Incorporated,Healthcare,0.24934478073812932,0.47338485368184974,0.94,13.66,4.97,19.56
REGN,Regeneron Pharmaceuticals Inc.,Healthcare,0.3451331873077628,0.4072104176686984,1.6,10.93,5.86,18.39
ZTS,Zoetis Inc.,Healthcare,0.24358388953384305,0.24842813991055468,2.68,5.8,6.6,15.08
ADI,Analog Devices Inc.,Technology,0.20085499236114535,0.28313303688673225,7.44,4.51,4.74,16.7
ETN,Eaton Corporation plc,Industrials,0.18504195139309618,0.28463533291917775,7.76,9.26,4.26,21.28
MRNA,Moderna Inc.,Healthcare,1.1791530155533088,0.8256444139809044,2.77,12.18,4.21,19.16
CL,Colgate-Palmolive Company,Consumer Staples,0.10274603432489361,0.18020528351326112,8.09,10.11,5.01,23.21
BDX,Becton Dickinson and Company,Healthcare,0.13874201955910134,0.20054995022912317,3.23,13.72,6.72,23.67
EW,Edwards Lifesciences Corporation,Healthcare,0.27406396671892674,0.3189474102377848,2.96,13.41,5.64,22.02
AIR.PA,Airbus SE,Industrials,0.24318578219787462,0.34969302178548145,5.69,12.64,5.74,24.07
BNP.PA,BNP Paribas S.A.,Financials,0.09143374120165794,0.37092660687588386,1.05,10.32,9.62,20.99
DSY.PA,Dassault Systèmes SE,Technology,0.22246526163939886,0.23560159624330354,3.12,5.8,4.31,13.23
EDEN.PA,Edenred S.A.,Consumer Discretionary,0.1706778057121554,0.28556765675240836,1.05,9.81,4.33,15.18
EL.PA,EssilorLuxottica S.A.,Consumer Staples,0.13798420498744948,0.22431111492945496,1.45,9.29,6.16,16.89
RMS.PA,Hermès International S.A.,Consumer Discretionary,0.23816195332891166,0.23960656255124982,3.16,4.81,4.62,12.59
KER.PA,Kering S.A.,Consumer Discretionary,0.24212477290136034,0.2831425184927791,3.07,5.49,3.85,12.41
LR.PA,Legrand S.A.,Industrials,0.16444901468514395,0.24156557284037986,8.3,4.54,2.19,15.02
OR.PA,L'Oréal S.A.,Consumer Staples,0.16097368688700825,0.20979855482267565,6.8,7.42,5.36,19.58
MC.PA,LVMH Moët Hennessy Louis Vuitton S.E.,Consumer Discretionary,0.22143041645828146,0.26710773620099676,0.89,7.07,5.93,13.89
ML.PA,Michelin SCA,Industrials,0.1300346620016125,0.28279502084756925,3.86,3.55,3.96,11.37
ORA.PA,Orange S.A.,Telecommunication Services,0.03975892283172797,0.23951226075249954,4.65,12.03,4.92,21.6
RI.PA,Pernod Ricard S.A.,Consumer Staples,0.1251478028386815,0.2050877668067571,5.23,6.15,5.81,17.18
SAF.PA,Safran S.A.,Industrials,0.2635211764378567,0.32942167893168356,11.02,12.67,5.09,28.78
SGO.PA,Saint-Gobain S.A.,Materials,0.0724413167240075,0.3091256402023062,7.91,6.71,4.24,18.87
SAN.PA,Sanofi S.A.,Financials,0.09272040988406456,0.22030290251780213,0.92,11.9,5.89,18.71
SU.PA,Schneider Electric S.E.,Energy,0.16587981574837352,0.2939484063021697,3.6,3.95,2.5,10.04
GLE.PA,Société Générale S.A.,Financials,0.030053153528521028,0.43212644601048006,1.07,9.99,6.71,17.77
STLAP.PA,Stellantis N.V.,Automotive,0.04829223335137082,0.3865491992189788,8.96,7.13,5.52,21.61
STMPA.PA,STMicroelectronics N.V.,Technology,0.25862921635379577,0.3967393943781914,5.66,4.29,2.65,12.6
HO.PA,Thales S.A.,Industrials,0.1196091741267061,0.2556489094751041,7.98,11.77,7.52,27.27
TTE.PA,TotalEnergies SE,Energy,0.06601502069966564,0.2570295022299877,13.46,8.82,7.58,29.86
DG.PA,Vinci S.A.,Industrials,0.13801504559299507,0.2739953538869789,9.36,11.01,5.02,25.39
VIV.PA,Vivendi SE,Communication Services,0.19806871073228466,0.26004346356333063,0.16,5.8,4.86,10.82
ABBV,AbbVie Inc.,Healthcare,0.21341534099052278,0.2810087485794109,2.36,14.88,6.63,23.87
BMY,Bristol-Myers Squibb Company,Healthcare,0.13706979219386511,0.23421792365964547,0.46,14.59,6.14,21.2
MRK,"Merck & Co., Inc.",Healthcare,0.1235871531906406,0.20425516504867997,2.89,11.62,5.67,20.17
XOM,Exxon Mobil Corporation,Energy,0.018033555931101383,0.23504478227630285,25.09,11.58,6.99,43.66
CVX,Chevron Corporation,Energy,0.08116257343249933,0.26893316406097195,19.91,9.6,7.84,37.34
COP,ConocoPhillips,Energy,0.08925882424257255,0.3340852806481938,17.2,8.74,7.2,33.14
SLB,Schlumberger Limited,Energy,-0.013399187251475462,0.34949416287295304,6.26,7.66,4.55,18.48
BKR,Baker Hughes Company,Energy,0.064631251324691,0.3847513319113045,7.3,6.39,5.44,19.12
OXY,Occidental Petroleum Corporation,Energy,-0.008017943025681134,0.40967915143088596,22.33,9.06,6.44,37.83
PSX,Phillips 66,Energy,0.16660197856247927,0.3330252423143905,20.56,8.04,4.38,32.99
MRO.L,Marathon Oil Corporation,Energy,0.24515027386391675,0.429713243820319,15.06,6.97,4.08,26.11
VLO,Valero Energy Corporation,Energy,0.2159503171551833,0.39101335948775573,17.88,9.02,3.98,30.89
NIO,NIO Inc.,Consumer Discretionary,1.4113440820579806,1.1231140358235883,4.77,15.2,7.21,27.18
FSLR,"First Solar, Inc.",Utilities,0.11499631685805341,0.5359764478893466,6.04,6.08,5.19,17.31
ENPH,"Enphase Energy, Inc.",Utilities,0.7081299576870081,0.8474077082380614,4.84,8.81,6.25,19.9
SEDG,"SolarEdge Technologies, Inc.",Utilities,0.6586423960519706,0.6309218908079905,4.89,5.15,5.28,15.31
NEE,"NextEra Energy, Inc.",Utilities,0.2037741733450246,0.19581430939644165,11.32,8.87,4.85,25.05
BEP,Brookfield Renewable Partners L.P.,Utilities,0.2018514953735498,0.257450358452583,2.82,9.8,3.2,15.82
PLUG,Plug Power Inc.,Energy,0.5590391644303523,0.9347748040959108,7.73,12.15,8.07,27.94
ENB,Enbridge Inc.,Energy,0.09910519276717573,0.25555848040045925,8.61,11.16,2.34,22.11
CHRW,"C.H. Robinson Worldwide, Inc.",Industrials,0.09011895005687616,0.2361016030083703,4.47,8.84,4.14,17.44
BLDP,Ballard Power Systems Inc.,Energy,0.4785999644351604,0.7380627856354913,6.06,7.87,4.77,18.71
TRP,TC Energy Corporation,Energy,0.08373261663804428,0.23668519776527974,10.85,8.35,1.95,21.15
HEI,Heico Corporation,Industrials,0.2942991475504298,0.32414323564401426,13.92,19.07,10.12,43.11
GWW,"WW Grainger, Inc.",Industrials,0.18119436359111474,0.26846795264954254,3.53,6.54,4.91,14.98
